{"cameraMode":{"drawMode":0,"name":"Shaded","section":"Shading Mode"},"sceneLighting":true,"audioPlay":false,"sceneViewState":{"m_AlwaysRefresh":false,"showFog":true,"showSkybox":true,"showFlares":true,"showImageEffects":true,"showParticleSystems":true,"showVisualEffectGraphs":true,"m_FxEnabled":true},"in2DMode":false,"pivot":{"x":297.3294372558594,"y":10.036270141601563,"z":398.6034851074219},"rotation":{"x":0.17461168766021729,"y":0.35157573223114016,"z":-0.06692290306091309,"w":0.917306125164032},"size":238.98458862304688,"orthographic":false}