{"cameraMode":{"drawMode":0,"name":"Shaded","section":"Shading Mode"},"sceneLighting":true,"audioPlay":false,"sceneViewState":{"m_AlwaysRefresh":false,"showFog":true,"showSkybox":true,"showFlares":true,"showImageEffects":true,"showParticleSystems":true,"showVisualEffectGraphs":true,"m_FxEnabled":true},"in2DMode":false,"pivot":{"x":302.5792541503906,"y":109.97438049316406,"z":471.6097717285156},"rotation":{"x":0.11755625903606415,"y":0.18743084371089936,"z":-0.022638287395238878,"w":0.9750134348869324},"size":411.6947021484375,"orthographic":false}