{"cameraMode":{"drawMode":0,"name":"Shaded","section":"Shading Mode"},"sceneLighting":true,"audioPlay":false,"sceneViewState":{"m_AlwaysRefresh":false,"showFog":true,"showSkybox":true,"showFlares":true,"showImageEffects":true,"showParticleSystems":true,"showVisualEffectGraphs":true,"m_FxEnabled":true},"in2DMode":false,"pivot":{"x":577.9544677734375,"y":653.1846313476563,"z":-10.164718627929688},"rotation":{"x":0.0674438402056694,"y":0.011972613632678986,"z":-0.000810125027783215,"w":0.9976553916931152},"size":584.9622192382813,"orthographic":false}