{"cameraMode":{"drawMode":0,"name":"Shaded","section":"Shading Mode"},"sceneLighting":true,"audioPlay":false,"sceneViewState":{"m_AlwaysRefresh":false,"showFog":true,"showSkybox":true,"showFlares":true,"showImageEffects":true,"showParticleSystems":true,"showVisualEffectGraphs":true,"m_FxEnabled":true},"in2DMode":false,"pivot":{"x":132.3029327392578,"y":-32.91588592529297,"z":351.302490234375},"rotation":{"x":0.44708251953125,"y":-0.0026837089098989965,"z":0.0013401539763435722,"w":0.8944958448410034},"size":252.80133056640626,"orthographic":false}