{"cameraMode":{"drawMode":0,"name":"Shaded","section":"Shading Mode"},"sceneLighting":true,"audioPlay":false,"sceneViewState":{"m_AlwaysRefresh":false,"showFog":true,"showSkybox":true,"showFlares":true,"showImageEffects":true,"showParticleSystems":true,"showVisualEffectGraphs":true,"m_FxEnabled":true},"in2DMode":false,"pivot":{"x":1003.1063842773438,"y":460.9654235839844,"z":534.8527221679688},"rotation":{"x":-0.07732073217630387,"y":0.0020859031938016416,"z":-0.00016206593136303127,"w":-0.9970062375068665},"size":725.0230712890625,"orthographic":false}