{"cameraMode":{"drawMode":0,"name":"Shaded","section":"Shading Mode"},"sceneLighting":true,"audioPlay":false,"sceneViewState":{"m_AlwaysRefresh":false,"showFog":true,"showSkybox":true,"showFlares":true,"showImageEffects":true,"showParticleSystems":true,"showVisualEffectGraphs":true,"m_FxEnabled":true},"in2DMode":false,"pivot":{"x":10.164278030395508,"y":3.0095901489257814,"z":-8.458761215209961},"rotation":{"x":0.2720116972923279,"y":-0.09927775710821152,"z":0.028234045952558519,"w":0.9567504525184631},"size":4.156942367553711,"orthographic":false}