{"cameraMode":{"drawMode":0,"name":"Shaded","section":"Shading Mode"},"sceneLighting":true,"audioPlay":false,"sceneViewState":{"m_AlwaysRefresh":false,"showFog":true,"showSkybox":true,"showFlares":true,"showImageEffects":true,"showParticleSystems":true,"showVisualEffectGraphs":true,"m_FxEnabled":true},"in2DMode":false,"pivot":{"x":124.38591003417969,"y":241.66098022460938,"z":0.5943145751953125},"rotation":{"x":0.3751222789287567,"y":0.15055222809314729,"z":-0.06188458204269409,"w":0.912585437297821},"size":136.96351623535157,"orthographic":false}