{"cameraMode":{"drawMode":0,"name":"Shaded","section":"Shading Mode"},"sceneLighting":true,"audioPlay":false,"sceneViewState":{"m_AlwaysRefresh":false,"showFog":true,"showSkybox":true,"showFlares":true,"showImageEffects":true,"showParticleSystems":true,"showVisualEffectGraphs":true,"m_FxEnabled":true},"in2DMode":false,"pivot":{"x":101.49769592285156,"y":152.27471923828126,"z":561.9761962890625},"rotation":{"x":0.05845579504966736,"y":-0.019465243443846704,"z":0.0011393483728170395,"w":0.9981089234352112},"size":375.39471435546877,"orthographic":false}