{"cameraMode":{"drawMode":0,"name":"Shaded","section":"Shading Mode"},"sceneLighting":true,"audioPlay":false,"sceneViewState":{"m_AlwaysRefresh":false,"showFog":true,"showSkybox":true,"showFlares":true,"showImageEffects":true,"showParticleSystems":true,"showVisualEffectGraphs":true,"m_FxEnabled":true},"in2DMode":false,"pivot":{"x":212.60098266601563,"y":-129.34945678710938,"z":246.567626953125},"rotation":{"x":0.47009196877479555,"y":0.056855209171772,"z":-0.030364423990249635,"w":0.8802712559700012},"size":255.00018310546876,"orthographic":false}