{"cameraMode":{"drawMode":0,"name":"Shaded","section":"Shading Mode"},"sceneLighting":true,"audioPlay":false,"sceneViewState":{"m_AlwaysRefresh":false,"showFog":true,"showSkybox":true,"showFlares":true,"showImageEffects":true,"showParticleSystems":true,"showVisualEffectGraphs":true,"m_FxEnabled":true},"in2DMode":false,"pivot":{"x":178.9053955078125,"y":-66.61996459960938,"z":246.22584533691407},"rotation":{"x":0.4829339385032654,"y":-0.0026279399171471597,"z":0.0014472902985289693,"w":0.8756605386734009},"size":222.22950744628907,"orthographic":false}