{"cameraMode":{"drawMode":0,"name":"Shaded","section":"Shading Mode"},"sceneLighting":true,"audioPlay":false,"sceneViewState":{"m_AlwaysRefresh":false,"showFog":true,"showSkybox":true,"showFlares":true,"showImageEffects":true,"showParticleSystems":true,"showVisualEffectGraphs":true,"m_FxEnabled":true},"in2DMode":false,"pivot":{"x":12.764495849609375,"y":3.7907042503356935,"z":-8.640296936035157},"rotation":{"x":0.1507159322500229,"y":0.29332998394966128,"z":-0.04687848314642906,"w":0.9428984522819519},"size":1.8218045234680176,"orthographic":false}