{"cameraMode":{"drawMode":0,"name":"Shaded","section":"Shading Mode"},"sceneLighting":true,"audioPlay":false,"sceneViewState":{"m_AlwaysRefresh":false,"showFog":true,"showSkybox":true,"showFlares":true,"showImageEffects":true,"showParticleSystems":true,"showVisualEffectGraphs":true,"m_FxEnabled":true},"in2DMode":false,"pivot":{"x":67.91471099853516,"y":112.47927856445313,"z":179.81590270996095},"rotation":{"x":0.49982255697250368,"y":0.4956454336643219,"z":-0.45210394263267519,"w":0.5479385256767273},"size":128.2666473388672,"orthographic":false}