{"cameraMode":{"drawMode":0,"name":"Shaded","section":"Shading Mode"},"sceneLighting":true,"audioPlay":false,"sceneViewState":{"m_AlwaysRefresh":false,"showFog":true,"showSkybox":true,"showFlares":true,"showImageEffects":true,"showParticleSystems":true,"showVisualEffectGraphs":true,"m_FxEnabled":true},"in2DMode":false,"pivot":{"x":105.82235717773438,"y":-114.35690307617188,"z":391.850341796875},"rotation":{"x":0.5001493096351624,"y":0.018006248399615289,"z":-0.010802064090967179,"w":0.8658773899078369},"size":439.4861755371094,"orthographic":false}